nominal_target_far,source_controller,evaluation_controller,channel,evaluation_samples,exceedance_count
0.005,C01,C02,r_y,17600,51
0.005,C01,C02,r_u,17600,47
0.005,C01,C02,joint,17600,55
0.005,C01,C03,r_y,11200,7
0.005,C01,C03,r_u,11200,0
0.005,C01,C03,joint,11200,9
0.005,C01,C04,r_y,9600,0
0.005,C01,C04,r_u,9600,0
0.005,C01,C04,joint,9600,3
0.005,C01,C05,r_y,4000,0
0.005,C01,C05,r_u,4000,0
0.005,C01,C05,joint,4000,1
0.005,C01,C06,r_y,4000,0
0.005,C01,C06,r_u,4000,0
0.005,C01,C06,joint,4000,0
0.005,C01,C07,r_y,4800,0
0.005,C01,C07,r_u,4800,0
0.005,C01,C07,joint,4800,0
0.005,C01,C08,r_y,3200,3
0.005,C01,C08,r_u,3200,0
0.005,C01,C08,joint,3200,6
0.005,C01,C09,r_y,4000,0
0.005,C01,C09,r_u,4000,0
0.005,C01,C09,joint,4000,0
0.005,C02,C01,r_y,9600,79
0.005,C02,C01,r_u,9600,69
0.005,C02,C01,joint,9600,69
0.005,C02,C03,r_y,11200,24
0.005,C02,C03,r_u,11200,1
0.005,C02,C03,joint,11200,17
0.005,C02,C04,r_y,9600,6
0.005,C02,C04,r_u,9600,0
0.005,C02,C04,joint,9600,8
0.005,C02,C05,r_y,4000,3
0.005,C02,C05,r_u,4000,0
0.005,C02,C05,joint,4000,3
0.005,C02,C06,r_y,4000,3
0.005,C02,C06,r_u,4000,0
0.005,C02,C06,joint,4000,0
0.005,C02,C07,r_y,4800,1
0.005,C02,C07,r_u,4800,0
0.005,C02,C07,joint,4800,2
0.005,C02,C08,r_y,3200,10
0.005,C02,C08,r_u,3200,1
0.005,C02,C08,joint,3200,8
0.005,C02,C09,r_y,4000,0
0.005,C02,C09,r_u,4000,0
0.005,C02,C09,joint,4000,1
0.005,C03,C01,r_y,9600,147
0.005,C03,C01,r_u,9600,198
0.005,C03,C01,joint,9600,142
0.005,C03,C02,r_y,17600,158
0.005,C03,C02,r_u,17600,258
0.005,C03,C02,joint,17600,132
0.005,C03,C04,r_y,9600,39
0.005,C03,C04,r_u,9600,0
0.005,C03,C04,joint,9600,39
0.005,C03,C05,r_y,4000,10
0.005,C03,C05,r_u,4000,0
0.005,C03,C05,joint,4000,19
0.005,C03,C06,r_y,4000,16
0.005,C03,C06,r_u,4000,2
0.005,C03,C06,joint,4000,8
0.005,C03,C07,r_y,4800,8
0.005,C03,C07,r_u,4800,0
0.005,C03,C07,joint,4800,21
0.005,C03,C08,r_y,3200,25
0.005,C03,C08,r_u,3200,16
0.005,C03,C08,joint,3200,29
0.005,C03,C09,r_y,4000,6
0.005,C03,C09,r_u,4000,0
0.005,C03,C09,joint,4000,13
0.005,C04,C01,r_y,9600,162
0.005,C04,C01,r_u,9600,1161
0.005,C04,C01,joint,9600,222
0.005,C04,C02,r_y,17600,201
0.005,C04,C02,r_u,17600,2220
0.005,C04,C02,joint,17600,244
0.005,C04,C03,r_y,11200,82
0.005,C04,C03,r_u,11200,268
0.005,C04,C03,joint,11200,153
0.005,C04,C05,r_y,4000,13
0.005,C04,C05,r_u,4000,7
0.005,C04,C05,joint,4000,13
0.005,C04,C06,r_y,4000,17
0.005,C04,C06,r_u,4000,52
0.005,C04,C06,joint,4000,17
0.005,C04,C07,r_y,4800,11
0.005,C04,C07,r_u,4800,0
0.005,C04,C07,joint,4800,15
0.005,C04,C08,r_y,3200,30
0.005,C04,C08,r_u,3200,89
0.005,C04,C08,joint,3200,50
0.005,C04,C09,r_y,4000,9
0.005,C04,C09,r_u,4000,0
0.005,C04,C09,joint,4000,13
0.01,C01,C02,r_y,17600,88
0.01,C01,C02,r_u,17600,123
0.01,C01,C02,joint,17600,100
0.01,C01,C03,r_y,11200,24
0.01,C01,C03,r_u,11200,4
0.01,C01,C03,joint,11200,21
0.01,C01,C04,r_y,9600,9
0.01,C01,C04,r_u,9600,0
0.01,C01,C04,joint,9600,14
0.01,C01,C05,r_y,4000,3
0.01,C01,C05,r_u,4000,0
0.01,C01,C05,joint,4000,3
0.01,C01,C06,r_y,4000,3
0.01,C01,C06,r_u,4000,0
0.01,C01,C06,joint,4000,1
0.01,C01,C07,r_y,4800,1
0.01,C01,C07,r_u,4800,0
0.01,C01,C07,joint,4800,4
0.01,C01,C08,r_y,3200,10
0.01,C01,C08,r_u,3200,1
0.01,C01,C08,joint,3200,11
0.01,C01,C09,r_y,4000,0
0.01,C01,C09,r_u,4000,0
0.01,C01,C09,joint,4000,3
0.01,C02,C01,r_y,9600,148
0.01,C02,C01,r_u,9600,137
0.01,C02,C01,joint,9600,169
0.01,C02,C03,r_y,11200,66
0.01,C02,C03,r_u,11200,20
0.01,C02,C03,joint,11200,145
0.01,C02,C04,r_y,9600,44
0.01,C02,C04,r_u,9600,0
0.01,C02,C04,joint,9600,64
0.01,C02,C05,r_y,4000,12
0.01,C02,C05,r_u,4000,0
0.01,C02,C05,joint,4000,25
0.01,C02,C06,r_y,4000,16
0.01,C02,C06,r_u,4000,0
0.01,C02,C06,joint,4000,21
0.01,C02,C07,r_y,4800,10
0.01,C02,C07,r_u,4800,0
0.01,C02,C07,joint,4800,34
0.01,C02,C08,r_y,3200,26
0.01,C02,C08,r_u,3200,6
0.01,C02,C08,joint,3200,49
0.01,C02,C09,r_y,4000,8
0.01,C02,C09,r_u,4000,0
0.01,C02,C09,joint,4000,19
0.01,C03,C01,r_y,9600,163
0.01,C03,C01,r_u,9600,213
0.01,C03,C01,joint,9600,157
0.01,C03,C02,r_y,17600,202
0.01,C03,C02,r_u,17600,288
0.01,C03,C02,joint,17600,139
0.01,C03,C04,r_y,9600,50
0.01,C03,C04,r_u,9600,0
0.01,C03,C04,joint,9600,47
0.01,C03,C05,r_y,4000,14
0.01,C03,C05,r_u,4000,0
0.01,C03,C05,joint,4000,23
0.01,C03,C06,r_y,4000,20
0.01,C03,C06,r_u,4000,5
0.01,C03,C06,joint,4000,18
0.01,C03,C07,r_y,4800,11
0.01,C03,C07,r_u,4800,0
0.01,C03,C07,joint,4800,31
0.01,C03,C08,r_y,3200,30
0.01,C03,C08,r_u,3200,20
0.01,C03,C08,joint,3200,38
0.01,C03,C09,r_y,4000,9
0.01,C03,C09,r_u,4000,0
0.01,C03,C09,joint,4000,15
0.01,C04,C01,r_y,9600,248
0.01,C04,C01,r_u,9600,1351
0.01,C04,C01,joint,9600,407
0.01,C04,C02,r_y,17600,387
0.01,C04,C02,r_u,17600,2298
0.01,C04,C02,joint,17600,582
0.01,C04,C03,r_y,11200,277
0.01,C04,C03,r_u,11200,384
0.01,C04,C03,joint,11200,412
0.01,C04,C05,r_y,4000,40
0.01,C04,C05,r_u,4000,19
0.01,C04,C05,joint,4000,40
0.01,C04,C06,r_y,4000,34
0.01,C04,C06,r_u,4000,74
0.01,C04,C06,joint,4000,34
0.01,C04,C07,r_y,4800,45
0.01,C04,C07,r_u,4800,0
0.01,C04,C07,joint,4800,58
0.01,C04,C08,r_y,3200,73
0.01,C04,C08,r_u,3200,103
0.01,C04,C08,joint,3200,98
0.01,C04,C09,r_y,4000,36
0.01,C04,C09,r_u,4000,2
0.01,C04,C09,joint,4000,45
0.02,C01,C02,r_y,17600,246
0.02,C01,C02,r_u,17600,243
0.02,C01,C02,joint,17600,230
0.02,C01,C03,r_y,11200,195
0.02,C01,C03,r_u,11200,46
0.02,C01,C03,joint,11200,264
0.02,C01,C04,r_y,9600,61
0.02,C01,C04,r_u,9600,0
0.02,C01,C04,joint,9600,84
0.02,C01,C05,r_y,4000,18
0.02,C01,C05,r_u,4000,0
0.02,C01,C05,joint,4000,31
0.02,C01,C06,r_y,4000,23
0.02,C01,C06,r_u,4000,2
0.02,C01,C06,joint,4000,29
0.02,C01,C07,r_y,4800,12
0.02,C01,C07,r_u,4800,0
0.02,C01,C07,joint,4800,41
0.02,C01,C08,r_y,3200,37
0.02,C01,C08,r_u,3200,16
0.02,C01,C08,joint,3200,62
0.02,C01,C09,r_y,4000,11
0.02,C01,C09,r_u,4000,0
0.02,C01,C09,joint,4000,31
0.02,C02,C01,r_y,9600,245
0.02,C02,C01,r_u,9600,250
0.02,C02,C01,joint,9600,249
0.02,C02,C03,r_y,11200,262
0.02,C02,C03,r_u,11200,146
0.02,C02,C03,joint,11200,394
0.02,C02,C04,r_y,9600,92
0.02,C02,C04,r_u,9600,3
0.02,C02,C04,joint,9600,947
0.02,C02,C05,r_y,4000,39
0.02,C02,C05,r_u,4000,0
0.02,C02,C05,joint,4000,382
0.02,C02,C06,r_y,4000,33
0.02,C02,C06,r_u,4000,12
0.02,C02,C06,joint,4000,32
0.02,C02,C07,r_y,4800,43
0.02,C02,C07,r_u,4800,0
0.02,C02,C07,joint,4800,474
0.02,C02,C08,r_y,3200,67
0.02,C02,C08,r_u,3200,37
0.02,C02,C08,joint,3200,84
0.02,C02,C09,r_y,4000,29
0.02,C02,C09,r_u,4000,0
0.02,C02,C09,joint,4000,384
0.02,C03,C01,r_y,9600,229
0.02,C03,C01,r_u,9600,372
0.02,C03,C01,joint,9600,179
0.02,C03,C02,r_y,17600,293
0.02,C03,C02,r_u,17600,721
0.02,C03,C02,joint,17600,185
0.02,C03,C04,r_y,9600,79
0.02,C03,C04,r_u,9600,21
0.02,C03,C04,joint,9600,78
0.02,C03,C05,r_y,4000,34
0.02,C03,C05,r_u,4000,3
0.02,C03,C05,joint,4000,26
0.02,C03,C06,r_y,4000,28
0.02,C03,C06,r_u,4000,32
0.02,C03,C06,joint,4000,24
0.02,C03,C07,r_y,4800,34
0.02,C03,C07,r_u,4800,0
0.02,C03,C07,joint,4800,42
0.02,C03,C08,r_y,3200,58
0.02,C03,C08,r_u,3200,71
0.02,C03,C08,joint,3200,55
0.02,C03,C09,r_y,4000,20
0.02,C03,C09,r_u,4000,0
0.02,C03,C09,joint,4000,32
0.02,C04,C01,r_y,9600,332
0.02,C04,C01,r_u,9600,1416
0.02,C04,C01,joint,9600,470
0.02,C04,C02,r_y,17600,507
0.02,C04,C02,r_u,17600,3483
0.02,C04,C02,joint,17600,741
0.02,C04,C03,r_y,11200,448
0.02,C04,C03,r_u,11200,2497
0.02,C04,C03,joint,11200,493
0.02,C04,C05,r_y,4000,50
0.02,C04,C05,r_u,4000,60
0.02,C04,C05,joint,4000,58
0.02,C04,C06,r_y,4000,47
0.02,C04,C06,r_u,4000,465
0.02,C04,C06,joint,4000,42
0.02,C04,C07,r_y,4800,70
0.02,C04,C07,r_u,4800,11
0.02,C04,C07,joint,4800,474
0.02,C04,C08,r_y,3200,106
0.02,C04,C08,r_u,3200,408
0.02,C04,C08,joint,3200,126
0.02,C04,C09,r_y,4000,72
0.02,C04,C09,r_u,4000,21
0.02,C04,C09,joint,4000,381
0.05,C01,C02,r_y,17600,814
0.05,C01,C02,r_u,17600,1510
0.05,C01,C02,joint,17600,501
0.05,C01,C03,r_y,11200,640
0.05,C01,C03,r_u,11200,235
0.05,C01,C03,joint,11200,1487
0.05,C01,C04,r_y,9600,334
0.05,C01,C04,r_u,9600,24
0.05,C01,C04,joint,9600,1014
0.05,C01,C05,r_y,4000,117
0.05,C01,C05,r_u,4000,3
0.05,C01,C05,joint,4000,410
0.05,C01,C06,r_y,4000,114
0.05,C01,C06,r_u,4000,40
0.05,C01,C06,joint,4000,418
0.05,C01,C07,r_y,4800,136
0.05,C01,C07,r_u,4800,0
0.05,C01,C07,joint,4800,535
0.05,C01,C08,r_y,3200,154
0.05,C01,C08,r_u,3200,75
0.05,C01,C08,joint,3200,381
0.05,C01,C09,r_y,4000,127
0.05,C01,C09,r_u,4000,0
0.05,C01,C09,joint,4000,415
0.05,C02,C01,r_y,9600,510
0.05,C02,C01,r_u,9600,384
0.05,C02,C01,joint,9600,1031
0.05,C02,C03,r_y,11200,663
0.05,C02,C03,r_u,11200,226
0.05,C02,C03,joint,11200,1489
0.05,C02,C04,r_y,9600,347
0.05,C02,C04,r_u,9600,21
0.05,C02,C04,joint,9600,1013
0.05,C02,C05,r_y,4000,123
0.05,C02,C05,r_u,4000,3
0.05,C02,C05,joint,4000,418
0.05,C02,C06,r_y,4000,124
0.05,C02,C06,r_u,4000,34
0.05,C02,C06,joint,4000,418
0.05,C02,C07,r_y,4800,143
0.05,C02,C07,r_u,4800,0
0.05,C02,C07,joint,4800,539
0.05,C02,C08,r_y,3200,157
0.05,C02,C08,r_u,3200,71
0.05,C02,C08,joint,3200,382
0.05,C02,C09,r_y,4000,128
0.05,C02,C09,r_u,4000,0
0.05,C02,C09,joint,4000,416
0.05,C03,C01,r_y,9600,413
0.05,C03,C01,r_u,9600,1364
0.05,C03,C01,joint,9600,245
0.05,C03,C02,r_y,17600,703
0.05,C03,C02,r_u,17600,2666
0.05,C03,C02,joint,17600,364
0.05,C03,C04,r_y,9600,262
0.05,C03,C04,r_u,9600,114
0.05,C03,C04,joint,9600,957
0.05,C03,C05,r_y,4000,88
0.05,C03,C05,r_u,4000,23
0.05,C03,C05,joint,4000,392
0.05,C03,C06,r_y,4000,81
0.05,C03,C06,r_u,4000,162
0.05,C03,C06,joint,4000,41
0.05,C03,C07,r_y,4800,105
0.05,C03,C07,r_u,4800,0
0.05,C03,C07,joint,4800,493
0.05,C03,C08,r_y,3200,135
0.05,C03,C08,r_u,3200,123
0.05,C03,C08,joint,3200,226
0.05,C03,C09,r_y,4000,103
0.05,C03,C09,r_u,4000,2
0.05,C03,C09,joint,4000,389
0.05,C04,C01,r_y,9600,675
0.05,C04,C01,r_u,9600,1443
0.05,C04,C01,joint,9600,489
0.05,C04,C02,r_y,17600,1140
0.05,C04,C02,r_u,17600,4623
0.05,C04,C02,joint,17600,967
0.05,C04,C03,r_y,11200,837
0.05,C04,C03,r_u,11200,3642
0.05,C04,C03,joint,11200,506
0.05,C04,C05,r_y,4000,197
0.05,C04,C05,r_u,4000,165
0.05,C04,C05,joint,4000,185
0.05,C04,C06,r_y,4000,195
0.05,C04,C06,r_u,4000,483
0.05,C04,C06,joint,4000,43
0.05,C04,C07,r_y,4800,249
0.05,C04,C07,r_u,4800,22
0.05,C04,C07,joint,4800,482
0.05,C04,C08,r_y,3200,212
0.05,C04,C08,r_u,3200,418
0.05,C04,C08,joint,3200,126
0.05,C04,C09,r_y,4000,191
0.05,C04,C09,r_u,4000,32
0.05,C04,C09,joint,4000,383
