calibration_controller,evaluation_controller,channel,validation_type,evaluation_samples,exceedance_count
C01,C01,r_y,LEAVE_ONE_RUN_OUT_INDEPENDENT,9600,115
C01,C01,r_u,LEAVE_ONE_RUN_OUT_INDEPENDENT,9600,122
C01,C01,joint,LEAVE_ONE_RUN_OUT_INDEPENDENT,9600,121
C01,C02,r_y,CROSS_CONTROLLER,17600,88
C01,C02,r_u,CROSS_CONTROLLER,17600,123
C01,C02,joint,CROSS_CONTROLLER,17600,100
C01,C03,r_y,CROSS_CONTROLLER,11200,24
C01,C03,r_u,CROSS_CONTROLLER,11200,4
C01,C03,joint,CROSS_CONTROLLER,11200,21
C01,C04,r_y,CROSS_CONTROLLER,9600,9
C01,C04,r_u,CROSS_CONTROLLER,9600,0
C01,C04,joint,CROSS_CONTROLLER,9600,14
C01,C05,r_y,CROSS_CONTROLLER,4000,3
C01,C05,r_u,CROSS_CONTROLLER,4000,0
C01,C05,joint,CROSS_CONTROLLER,4000,3
C01,C06,r_y,CROSS_CONTROLLER,4000,3
C01,C06,r_u,CROSS_CONTROLLER,4000,0
C01,C06,joint,CROSS_CONTROLLER,4000,1
C01,C07,r_y,CROSS_CONTROLLER,4800,1
C01,C07,r_u,CROSS_CONTROLLER,4800,0
C01,C07,joint,CROSS_CONTROLLER,4800,4
C01,C08,r_y,CROSS_CONTROLLER,3200,10
C01,C08,r_u,CROSS_CONTROLLER,3200,1
C01,C08,joint,CROSS_CONTROLLER,3200,11
C01,C09,r_y,CROSS_CONTROLLER,4000,0
C01,C09,r_u,CROSS_CONTROLLER,4000,0
C01,C09,joint,CROSS_CONTROLLER,4000,3
C02,C01,r_y,CROSS_CONTROLLER,9600,148
C02,C01,r_u,CROSS_CONTROLLER,9600,137
C02,C01,joint,CROSS_CONTROLLER,9600,169
C02,C02,r_y,LEAVE_ONE_CYCLE_OUT_WITHIN_RUN,17600,174
C02,C02,r_u,LEAVE_ONE_CYCLE_OUT_WITHIN_RUN,17600,175
C02,C02,joint,LEAVE_ONE_CYCLE_OUT_WITHIN_RUN,17600,175
C02,C03,r_y,CROSS_CONTROLLER,11200,66
C02,C03,r_u,CROSS_CONTROLLER,11200,20
C02,C03,joint,CROSS_CONTROLLER,11200,145
C02,C04,r_y,CROSS_CONTROLLER,9600,44
C02,C04,r_u,CROSS_CONTROLLER,9600,0
C02,C04,joint,CROSS_CONTROLLER,9600,64
C02,C05,r_y,CROSS_CONTROLLER,4000,12
C02,C05,r_u,CROSS_CONTROLLER,4000,0
C02,C05,joint,CROSS_CONTROLLER,4000,25
C02,C06,r_y,CROSS_CONTROLLER,4000,16
C02,C06,r_u,CROSS_CONTROLLER,4000,0
C02,C06,joint,CROSS_CONTROLLER,4000,21
C02,C07,r_y,CROSS_CONTROLLER,4800,10
C02,C07,r_u,CROSS_CONTROLLER,4800,0
C02,C07,joint,CROSS_CONTROLLER,4800,34
C02,C08,r_y,CROSS_CONTROLLER,3200,26
C02,C08,r_u,CROSS_CONTROLLER,3200,6
C02,C08,joint,CROSS_CONTROLLER,3200,49
C02,C09,r_y,CROSS_CONTROLLER,4000,8
C02,C09,r_u,CROSS_CONTROLLER,4000,0
C02,C09,joint,CROSS_CONTROLLER,4000,19
C03,C01,r_y,CROSS_CONTROLLER,9600,163
C03,C01,r_u,CROSS_CONTROLLER,9600,213
C03,C01,joint,CROSS_CONTROLLER,9600,157
C03,C02,r_y,CROSS_CONTROLLER,17600,202
C03,C02,r_u,CROSS_CONTROLLER,17600,288
C03,C02,joint,CROSS_CONTROLLER,17600,139
C03,C03,r_y,LEAVE_ONE_CYCLE_OUT_WITHIN_RUN,11200,173
C03,C03,r_u,LEAVE_ONE_CYCLE_OUT_WITHIN_RUN,11200,113
C03,C03,joint,LEAVE_ONE_CYCLE_OUT_WITHIN_RUN,11200,113
C03,C04,r_y,CROSS_CONTROLLER,9600,50
C03,C04,r_u,CROSS_CONTROLLER,9600,0
C03,C04,joint,CROSS_CONTROLLER,9600,47
C03,C05,r_y,CROSS_CONTROLLER,4000,14
C03,C05,r_u,CROSS_CONTROLLER,4000,0
C03,C05,joint,CROSS_CONTROLLER,4000,23
C03,C06,r_y,CROSS_CONTROLLER,4000,20
C03,C06,r_u,CROSS_CONTROLLER,4000,5
C03,C06,joint,CROSS_CONTROLLER,4000,18
C03,C07,r_y,CROSS_CONTROLLER,4800,11
C03,C07,r_u,CROSS_CONTROLLER,4800,0
C03,C07,joint,CROSS_CONTROLLER,4800,31
C03,C08,r_y,CROSS_CONTROLLER,3200,30
C03,C08,r_u,CROSS_CONTROLLER,3200,20
C03,C08,joint,CROSS_CONTROLLER,3200,38
C03,C09,r_y,CROSS_CONTROLLER,4000,9
C03,C09,r_u,CROSS_CONTROLLER,4000,0
C03,C09,joint,CROSS_CONTROLLER,4000,15
C04,C01,r_y,CROSS_CONTROLLER,9600,248
C04,C01,r_u,CROSS_CONTROLLER,9600,1351
C04,C01,joint,CROSS_CONTROLLER,9600,407
C04,C02,r_y,CROSS_CONTROLLER,17600,387
C04,C02,r_u,CROSS_CONTROLLER,17600,2298
C04,C02,joint,CROSS_CONTROLLER,17600,582
C04,C03,r_y,CROSS_CONTROLLER,11200,277
C04,C03,r_u,CROSS_CONTROLLER,11200,384
C04,C03,joint,CROSS_CONTROLLER,11200,412
C04,C04,r_y,LEAVE_ONE_RUN_OUT_INDEPENDENT,9600,94
C04,C04,r_u,LEAVE_ONE_RUN_OUT_INDEPENDENT,9600,97
C04,C04,joint,LEAVE_ONE_RUN_OUT_INDEPENDENT,9600,100
C04,C05,r_y,CROSS_CONTROLLER,4000,40
C04,C05,r_u,CROSS_CONTROLLER,4000,19
C04,C05,joint,CROSS_CONTROLLER,4000,40
C04,C06,r_y,CROSS_CONTROLLER,4000,34
C04,C06,r_u,CROSS_CONTROLLER,4000,74
C04,C06,joint,CROSS_CONTROLLER,4000,34
C04,C07,r_y,CROSS_CONTROLLER,4800,45
C04,C07,r_u,CROSS_CONTROLLER,4800,0
C04,C07,joint,CROSS_CONTROLLER,4800,58
C04,C08,r_y,CROSS_CONTROLLER,3200,73
C04,C08,r_u,CROSS_CONTROLLER,3200,103
C04,C08,joint,CROSS_CONTROLLER,3200,98
C04,C09,r_y,CROSS_CONTROLLER,4000,36
C04,C09,r_u,CROSS_CONTROLLER,4000,2
C04,C09,joint,CROSS_CONTROLLER,4000,45
