category,calibration_controller,evaluation_controller,calibration_run,evaluation_run,direction,calibration_cycles,evaluation_cycles,channel,evaluation_samples,exceedance_count
WITHIN_RUN,C01,C01,9,9,1,1,1,r_y,800,14
WITHIN_RUN,C01,C01,9,9,1,1,1,r_u,800,19
WITHIN_RUN,C01,C01,9,9,1,1,1,joint,800,24
WITHIN_RUN,C01,C01,9,9,2,1,1,r_y,800,4
WITHIN_RUN,C01,C01,9,9,2,1,1,r_u,800,3
WITHIN_RUN,C01,C01,9,9,2,1,1,joint,800,0
WITHIN_RUN,C01,C01,10,10,1,5,5,r_y,4000,43
WITHIN_RUN,C01,C01,10,10,1,5,5,r_u,4000,52
WITHIN_RUN,C01,C01,10,10,1,5,5,joint,4000,44
WITHIN_RUN,C01,C01,10,10,2,5,5,r_y,4000,36
WITHIN_RUN,C01,C01,10,10,2,5,5,r_u,4000,31
WITHIN_RUN,C01,C01,10,10,2,5,5,joint,4000,35
WITHIN_RUN,C02,C02,11,11,1,11,11,r_y,8800,68
WITHIN_RUN,C02,C02,11,11,1,11,11,r_u,8800,93
WITHIN_RUN,C02,C02,11,11,1,11,11,joint,8800,71
WITHIN_RUN,C02,C02,11,11,2,11,11,r_y,8800,102
WITHIN_RUN,C02,C02,11,11,2,11,11,r_u,8800,79
WITHIN_RUN,C02,C02,11,11,2,11,11,joint,8800,108
WITHIN_RUN,C03,C03,12,12,1,7,7,r_y,5600,39
WITHIN_RUN,C03,C03,12,12,1,7,7,r_u,5600,34
WITHIN_RUN,C03,C03,12,12,1,7,7,joint,5600,36
WITHIN_RUN,C03,C03,12,12,2,7,7,r_y,5600,147
WITHIN_RUN,C03,C03,12,12,2,7,7,r_u,5600,98
WITHIN_RUN,C03,C03,12,12,2,7,7,joint,5600,98
WITHIN_RUN,C04,C04,13,13,1,3,3,r_y,2400,28
WITHIN_RUN,C04,C04,13,13,1,3,3,r_u,2400,32
WITHIN_RUN,C04,C04,13,13,1,3,3,joint,2400,25
WITHIN_RUN,C04,C04,13,13,2,3,3,r_y,2400,23
WITHIN_RUN,C04,C04,13,13,2,3,3,r_u,2400,20
WITHIN_RUN,C04,C04,13,13,2,3,3,joint,2400,22
WITHIN_RUN,C04,C04,18,18,1,3,3,r_y,2400,36
WITHIN_RUN,C04,C04,18,18,1,3,3,r_u,2400,26
WITHIN_RUN,C04,C04,18,18,1,3,3,joint,2400,49
WITHIN_RUN,C04,C04,18,18,2,3,3,r_y,2400,19
WITHIN_RUN,C04,C04,18,18,2,3,3,r_u,2400,22
WITHIN_RUN,C04,C04,18,18,2,3,3,joint,2400,19
WITHIN_RUN,C05,C05,14,14,1,2,3,r_y,2400,29
WITHIN_RUN,C05,C05,14,14,1,2,3,r_u,2400,36
WITHIN_RUN,C05,C05,14,14,1,2,3,joint,2400,28
WITHIN_RUN,C05,C05,14,14,2,3,2,r_y,1600,9
WITHIN_RUN,C05,C05,14,14,2,3,2,r_u,1600,10
WITHIN_RUN,C05,C05,14,14,2,3,2,joint,1600,9
WITHIN_RUN,C06,C06,15,15,1,2,3,r_y,2400,32
WITHIN_RUN,C06,C06,15,15,1,2,3,r_u,2400,37
WITHIN_RUN,C06,C06,15,15,1,2,3,joint,2400,33
WITHIN_RUN,C06,C06,15,15,2,3,2,r_y,1600,12
WITHIN_RUN,C06,C06,15,15,2,3,2,r_u,1600,8
WITHIN_RUN,C06,C06,15,15,2,3,2,joint,1600,10
WITHIN_RUN,C07,C07,16,16,1,3,3,r_y,2400,36
WITHIN_RUN,C07,C07,16,16,1,3,3,r_u,2400,34
WITHIN_RUN,C07,C07,16,16,1,3,3,joint,2400,35
WITHIN_RUN,C07,C07,16,16,2,3,3,r_y,2400,17
WITHIN_RUN,C07,C07,16,16,2,3,3,r_u,2400,13
WITHIN_RUN,C07,C07,16,16,2,3,3,joint,2400,18
WITHIN_RUN,C08,C08,17,17,1,2,2,r_y,1600,23
WITHIN_RUN,C08,C08,17,17,1,2,2,r_u,1600,22
WITHIN_RUN,C08,C08,17,17,1,2,2,joint,1600,24
WITHIN_RUN,C08,C08,17,17,2,2,2,r_y,1600,9
WITHIN_RUN,C08,C08,17,17,2,2,2,r_u,1600,7
WITHIN_RUN,C08,C08,17,17,2,2,2,joint,1600,8
WITHIN_RUN,C09,C09,19,19,1,2,3,r_y,2400,36
WITHIN_RUN,C09,C09,19,19,1,2,3,r_u,2400,36
WITHIN_RUN,C09,C09,19,19,1,2,3,joint,2400,42
WITHIN_RUN,C09,C09,19,19,2,3,2,r_y,1600,12
WITHIN_RUN,C09,C09,19,19,2,3,2,r_u,1600,7
WITHIN_RUN,C09,C09,19,19,2,3,2,joint,1600,8
SAME_CONTROLLER_CROSS_RUN,C01,C01,9,10,RUN_TO_RUN,2,10,r_y,8000,103
SAME_CONTROLLER_CROSS_RUN,C01,C01,9,10,RUN_TO_RUN,2,10,r_u,8000,111
SAME_CONTROLLER_CROSS_RUN,C01,C01,9,10,RUN_TO_RUN,2,10,joint,8000,110
CROSS_CONTROLLER,C01,C02,9,11,RUN_TO_RUN,2,22,r_y,17600,113
CROSS_CONTROLLER,C01,C02,9,11,RUN_TO_RUN,2,22,r_u,17600,168
CROSS_CONTROLLER,C01,C02,9,11,RUN_TO_RUN,2,22,joint,17600,117
CROSS_CONTROLLER,C01,C03,9,12,RUN_TO_RUN,2,14,r_y,11200,26
CROSS_CONTROLLER,C01,C03,9,12,RUN_TO_RUN,2,14,r_u,11200,18
CROSS_CONTROLLER,C01,C03,9,12,RUN_TO_RUN,2,14,joint,11200,126
CROSS_CONTROLLER,C01,C04,9,13,RUN_TO_RUN,2,6,r_y,4800,4
CROSS_CONTROLLER,C01,C04,9,13,RUN_TO_RUN,2,6,r_u,4800,0
CROSS_CONTROLLER,C01,C04,9,13,RUN_TO_RUN,2,6,joint,4800,13
CROSS_CONTROLLER,C01,C04,9,18,RUN_TO_RUN,2,6,r_y,4800,11
CROSS_CONTROLLER,C01,C04,9,18,RUN_TO_RUN,2,6,r_u,4800,0
CROSS_CONTROLLER,C01,C04,9,18,RUN_TO_RUN,2,6,joint,4800,19
CROSS_CONTROLLER,C01,C05,9,14,RUN_TO_RUN,2,5,r_y,4000,3
CROSS_CONTROLLER,C01,C05,9,14,RUN_TO_RUN,2,5,r_u,4000,0
CROSS_CONTROLLER,C01,C05,9,14,RUN_TO_RUN,2,5,joint,4000,12
CROSS_CONTROLLER,C01,C06,9,15,RUN_TO_RUN,2,5,r_y,4000,3
CROSS_CONTROLLER,C01,C06,9,15,RUN_TO_RUN,2,5,r_u,4000,0
CROSS_CONTROLLER,C01,C06,9,15,RUN_TO_RUN,2,5,joint,4000,3
CROSS_CONTROLLER,C01,C07,9,16,RUN_TO_RUN,2,6,r_y,4800,1
CROSS_CONTROLLER,C01,C07,9,16,RUN_TO_RUN,2,6,r_u,4800,0
CROSS_CONTROLLER,C01,C07,9,16,RUN_TO_RUN,2,6,joint,4800,21
CROSS_CONTROLLER,C01,C08,9,17,RUN_TO_RUN,2,4,r_y,3200,14
CROSS_CONTROLLER,C01,C08,9,17,RUN_TO_RUN,2,4,r_u,3200,5
CROSS_CONTROLLER,C01,C08,9,17,RUN_TO_RUN,2,4,joint,3200,38
CROSS_CONTROLLER,C01,C09,9,19,RUN_TO_RUN,2,5,r_y,4000,0
CROSS_CONTROLLER,C01,C09,9,19,RUN_TO_RUN,2,5,r_u,4000,0
CROSS_CONTROLLER,C01,C09,9,19,RUN_TO_RUN,2,5,joint,4000,15
SAME_CONTROLLER_CROSS_RUN,C01,C01,10,9,RUN_TO_RUN,10,2,r_y,1600,12
SAME_CONTROLLER_CROSS_RUN,C01,C01,10,9,RUN_TO_RUN,10,2,r_u,1600,11
SAME_CONTROLLER_CROSS_RUN,C01,C01,10,9,RUN_TO_RUN,10,2,joint,1600,11
CROSS_CONTROLLER,C01,C02,10,11,RUN_TO_RUN,10,22,r_y,17600,88
CROSS_CONTROLLER,C01,C02,10,11,RUN_TO_RUN,10,22,r_u,17600,115
CROSS_CONTROLLER,C01,C02,10,11,RUN_TO_RUN,10,22,joint,17600,100
CROSS_CONTROLLER,C01,C03,10,12,RUN_TO_RUN,10,14,r_y,11200,24
CROSS_CONTROLLER,C01,C03,10,12,RUN_TO_RUN,10,14,r_u,11200,3
CROSS_CONTROLLER,C01,C03,10,12,RUN_TO_RUN,10,14,joint,11200,21
CROSS_CONTROLLER,C01,C04,10,13,RUN_TO_RUN,10,6,r_y,4800,1
CROSS_CONTROLLER,C01,C04,10,13,RUN_TO_RUN,10,6,r_u,4800,0
CROSS_CONTROLLER,C01,C04,10,13,RUN_TO_RUN,10,6,joint,4800,3
CROSS_CONTROLLER,C01,C04,10,18,RUN_TO_RUN,10,6,r_y,4800,8
CROSS_CONTROLLER,C01,C04,10,18,RUN_TO_RUN,10,6,r_u,4800,0
CROSS_CONTROLLER,C01,C04,10,18,RUN_TO_RUN,10,6,joint,4800,11
CROSS_CONTROLLER,C01,C05,10,14,RUN_TO_RUN,10,5,r_y,4000,3
CROSS_CONTROLLER,C01,C05,10,14,RUN_TO_RUN,10,5,r_u,4000,0
CROSS_CONTROLLER,C01,C05,10,14,RUN_TO_RUN,10,5,joint,4000,3
CROSS_CONTROLLER,C01,C06,10,15,RUN_TO_RUN,10,5,r_y,4000,3
CROSS_CONTROLLER,C01,C06,10,15,RUN_TO_RUN,10,5,r_u,4000,0
CROSS_CONTROLLER,C01,C06,10,15,RUN_TO_RUN,10,5,joint,4000,1
CROSS_CONTROLLER,C01,C07,10,16,RUN_TO_RUN,10,6,r_y,4800,1
CROSS_CONTROLLER,C01,C07,10,16,RUN_TO_RUN,10,6,r_u,4800,0
CROSS_CONTROLLER,C01,C07,10,16,RUN_TO_RUN,10,6,joint,4800,4
CROSS_CONTROLLER,C01,C08,10,17,RUN_TO_RUN,10,4,r_y,3200,10
CROSS_CONTROLLER,C01,C08,10,17,RUN_TO_RUN,10,4,r_u,3200,1
CROSS_CONTROLLER,C01,C08,10,17,RUN_TO_RUN,10,4,joint,3200,11
CROSS_CONTROLLER,C01,C09,10,19,RUN_TO_RUN,10,5,r_y,4000,0
CROSS_CONTROLLER,C01,C09,10,19,RUN_TO_RUN,10,5,r_u,4000,0
CROSS_CONTROLLER,C01,C09,10,19,RUN_TO_RUN,10,5,joint,4000,3
CROSS_CONTROLLER,C02,C01,11,9,RUN_TO_RUN,22,2,r_y,1600,21
CROSS_CONTROLLER,C02,C01,11,9,RUN_TO_RUN,22,2,r_u,1600,16
CROSS_CONTROLLER,C02,C01,11,9,RUN_TO_RUN,22,2,joint,1600,25
CROSS_CONTROLLER,C02,C01,11,10,RUN_TO_RUN,22,10,r_y,8000,127
CROSS_CONTROLLER,C02,C01,11,10,RUN_TO_RUN,22,10,r_u,8000,121
CROSS_CONTROLLER,C02,C01,11,10,RUN_TO_RUN,22,10,joint,8000,144
CROSS_CONTROLLER,C02,C03,11,12,RUN_TO_RUN,22,14,r_y,11200,66
CROSS_CONTROLLER,C02,C03,11,12,RUN_TO_RUN,22,14,r_u,11200,20
CROSS_CONTROLLER,C02,C03,11,12,RUN_TO_RUN,22,14,joint,11200,145
CROSS_CONTROLLER,C02,C04,11,13,RUN_TO_RUN,22,6,r_y,4800,21
CROSS_CONTROLLER,C02,C04,11,13,RUN_TO_RUN,22,6,r_u,4800,0
CROSS_CONTROLLER,C02,C04,11,13,RUN_TO_RUN,22,6,joint,4800,30
CROSS_CONTROLLER,C02,C04,11,18,RUN_TO_RUN,22,6,r_y,4800,23
CROSS_CONTROLLER,C02,C04,11,18,RUN_TO_RUN,22,6,r_u,4800,0
CROSS_CONTROLLER,C02,C04,11,18,RUN_TO_RUN,22,6,joint,4800,34
CROSS_CONTROLLER,C02,C05,11,14,RUN_TO_RUN,22,5,r_y,4000,12
CROSS_CONTROLLER,C02,C05,11,14,RUN_TO_RUN,22,5,r_u,4000,0
CROSS_CONTROLLER,C02,C05,11,14,RUN_TO_RUN,22,5,joint,4000,25
CROSS_CONTROLLER,C02,C06,11,15,RUN_TO_RUN,22,5,r_y,4000,16
CROSS_CONTROLLER,C02,C06,11,15,RUN_TO_RUN,22,5,r_u,4000,0
CROSS_CONTROLLER,C02,C06,11,15,RUN_TO_RUN,22,5,joint,4000,21
CROSS_CONTROLLER,C02,C07,11,16,RUN_TO_RUN,22,6,r_y,4800,10
CROSS_CONTROLLER,C02,C07,11,16,RUN_TO_RUN,22,6,r_u,4800,0
CROSS_CONTROLLER,C02,C07,11,16,RUN_TO_RUN,22,6,joint,4800,34
CROSS_CONTROLLER,C02,C08,11,17,RUN_TO_RUN,22,4,r_y,3200,26
CROSS_CONTROLLER,C02,C08,11,17,RUN_TO_RUN,22,4,r_u,3200,6
CROSS_CONTROLLER,C02,C08,11,17,RUN_TO_RUN,22,4,joint,3200,49
CROSS_CONTROLLER,C02,C09,11,19,RUN_TO_RUN,22,5,r_y,4000,8
CROSS_CONTROLLER,C02,C09,11,19,RUN_TO_RUN,22,5,r_u,4000,0
CROSS_CONTROLLER,C02,C09,11,19,RUN_TO_RUN,22,5,joint,4000,19
CROSS_CONTROLLER,C03,C01,12,9,RUN_TO_RUN,14,2,r_y,1600,23
CROSS_CONTROLLER,C03,C01,12,9,RUN_TO_RUN,14,2,r_u,1600,26
CROSS_CONTROLLER,C03,C01,12,9,RUN_TO_RUN,14,2,joint,1600,23
CROSS_CONTROLLER,C03,C01,12,10,RUN_TO_RUN,14,10,r_y,8000,140
CROSS_CONTROLLER,C03,C01,12,10,RUN_TO_RUN,14,10,r_u,8000,187
CROSS_CONTROLLER,C03,C01,12,10,RUN_TO_RUN,14,10,joint,8000,134
CROSS_CONTROLLER,C03,C02,12,11,RUN_TO_RUN,14,22,r_y,17600,202
CROSS_CONTROLLER,C03,C02,12,11,RUN_TO_RUN,14,22,r_u,17600,288
CROSS_CONTROLLER,C03,C02,12,11,RUN_TO_RUN,14,22,joint,17600,139
CROSS_CONTROLLER,C03,C04,12,13,RUN_TO_RUN,14,6,r_y,4800,27
CROSS_CONTROLLER,C03,C04,12,13,RUN_TO_RUN,14,6,r_u,4800,0
CROSS_CONTROLLER,C03,C04,12,13,RUN_TO_RUN,14,6,joint,4800,21
CROSS_CONTROLLER,C03,C04,12,18,RUN_TO_RUN,14,6,r_y,4800,23
CROSS_CONTROLLER,C03,C04,12,18,RUN_TO_RUN,14,6,r_u,4800,0
CROSS_CONTROLLER,C03,C04,12,18,RUN_TO_RUN,14,6,joint,4800,26
CROSS_CONTROLLER,C03,C05,12,14,RUN_TO_RUN,14,5,r_y,4000,14
CROSS_CONTROLLER,C03,C05,12,14,RUN_TO_RUN,14,5,r_u,4000,0
CROSS_CONTROLLER,C03,C05,12,14,RUN_TO_RUN,14,5,joint,4000,23
CROSS_CONTROLLER,C03,C06,12,15,RUN_TO_RUN,14,5,r_y,4000,20
CROSS_CONTROLLER,C03,C06,12,15,RUN_TO_RUN,14,5,r_u,4000,5
CROSS_CONTROLLER,C03,C06,12,15,RUN_TO_RUN,14,5,joint,4000,18
CROSS_CONTROLLER,C03,C07,12,16,RUN_TO_RUN,14,6,r_y,4800,11
CROSS_CONTROLLER,C03,C07,12,16,RUN_TO_RUN,14,6,r_u,4800,0
CROSS_CONTROLLER,C03,C07,12,16,RUN_TO_RUN,14,6,joint,4800,31
CROSS_CONTROLLER,C03,C08,12,17,RUN_TO_RUN,14,4,r_y,3200,30
CROSS_CONTROLLER,C03,C08,12,17,RUN_TO_RUN,14,4,r_u,3200,20
CROSS_CONTROLLER,C03,C08,12,17,RUN_TO_RUN,14,4,joint,3200,38
CROSS_CONTROLLER,C03,C09,12,19,RUN_TO_RUN,14,5,r_y,4000,9
CROSS_CONTROLLER,C03,C09,12,19,RUN_TO_RUN,14,5,r_u,4000,0
CROSS_CONTROLLER,C03,C09,12,19,RUN_TO_RUN,14,5,joint,4000,15
CROSS_CONTROLLER,C04,C01,13,9,RUN_TO_RUN,6,2,r_y,1600,33
CROSS_CONTROLLER,C04,C01,13,9,RUN_TO_RUN,6,2,r_u,1600,207
CROSS_CONTROLLER,C04,C01,13,9,RUN_TO_RUN,6,2,joint,1600,61
CROSS_CONTROLLER,C04,C01,13,10,RUN_TO_RUN,6,10,r_y,8000,215
CROSS_CONTROLLER,C04,C01,13,10,RUN_TO_RUN,6,10,r_u,8000,1154
CROSS_CONTROLLER,C04,C01,13,10,RUN_TO_RUN,6,10,joint,8000,435
CROSS_CONTROLLER,C04,C02,13,11,RUN_TO_RUN,6,22,r_y,17600,386
CROSS_CONTROLLER,C04,C02,13,11,RUN_TO_RUN,6,22,r_u,17600,2664
CROSS_CONTROLLER,C04,C02,13,11,RUN_TO_RUN,6,22,joint,17600,699
CROSS_CONTROLLER,C04,C03,13,12,RUN_TO_RUN,6,14,r_y,11200,277
CROSS_CONTROLLER,C04,C03,13,12,RUN_TO_RUN,6,14,r_u,11200,516
CROSS_CONTROLLER,C04,C03,13,12,RUN_TO_RUN,6,14,joint,11200,480
SAME_CONTROLLER_CROSS_RUN,C04,C04,13,18,RUN_TO_RUN,6,6,r_y,4800,46
SAME_CONTROLLER_CROSS_RUN,C04,C04,13,18,RUN_TO_RUN,6,6,r_u,4800,62
SAME_CONTROLLER_CROSS_RUN,C04,C04,13,18,RUN_TO_RUN,6,6,joint,4800,54
CROSS_CONTROLLER,C04,C05,13,14,RUN_TO_RUN,6,5,r_y,4000,40
CROSS_CONTROLLER,C04,C05,13,14,RUN_TO_RUN,6,5,r_u,4000,23
CROSS_CONTROLLER,C04,C05,13,14,RUN_TO_RUN,6,5,joint,4000,40
CROSS_CONTROLLER,C04,C06,13,15,RUN_TO_RUN,6,5,r_y,4000,34
CROSS_CONTROLLER,C04,C06,13,15,RUN_TO_RUN,6,5,r_u,4000,140
CROSS_CONTROLLER,C04,C06,13,15,RUN_TO_RUN,6,5,joint,4000,37
CROSS_CONTROLLER,C04,C07,13,16,RUN_TO_RUN,6,6,r_y,4800,45
CROSS_CONTROLLER,C04,C07,13,16,RUN_TO_RUN,6,6,r_u,4800,0
CROSS_CONTROLLER,C04,C07,13,16,RUN_TO_RUN,6,6,joint,4800,62
CROSS_CONTROLLER,C04,C08,13,17,RUN_TO_RUN,6,4,r_y,3200,73
CROSS_CONTROLLER,C04,C08,13,17,RUN_TO_RUN,6,4,r_u,3200,118
CROSS_CONTROLLER,C04,C08,13,17,RUN_TO_RUN,6,4,joint,3200,124
CROSS_CONTROLLER,C04,C09,13,19,RUN_TO_RUN,6,5,r_y,4000,36
CROSS_CONTROLLER,C04,C09,13,19,RUN_TO_RUN,6,5,r_u,4000,2
CROSS_CONTROLLER,C04,C09,13,19,RUN_TO_RUN,6,5,joint,4000,45
CROSS_CONTROLLER,C04,C01,18,9,RUN_TO_RUN,6,2,r_y,1600,33
CROSS_CONTROLLER,C04,C01,18,9,RUN_TO_RUN,6,2,r_u,1600,206
CROSS_CONTROLLER,C04,C01,18,9,RUN_TO_RUN,6,2,joint,1600,44
CROSS_CONTROLLER,C04,C01,18,10,RUN_TO_RUN,6,10,r_y,8000,215
CROSS_CONTROLLER,C04,C01,18,10,RUN_TO_RUN,6,10,r_u,8000,1135
CROSS_CONTROLLER,C04,C01,18,10,RUN_TO_RUN,6,10,joint,8000,319
CROSS_CONTROLLER,C04,C02,18,11,RUN_TO_RUN,6,22,r_y,17600,387
CROSS_CONTROLLER,C04,C02,18,11,RUN_TO_RUN,6,22,r_u,17600,2286
CROSS_CONTROLLER,C04,C02,18,11,RUN_TO_RUN,6,22,joint,17600,512
CROSS_CONTROLLER,C04,C03,18,12,RUN_TO_RUN,6,14,r_y,11200,277
CROSS_CONTROLLER,C04,C03,18,12,RUN_TO_RUN,6,14,r_u,11200,368
CROSS_CONTROLLER,C04,C03,18,12,RUN_TO_RUN,6,14,joint,11200,372
SAME_CONTROLLER_CROSS_RUN,C04,C04,18,13,RUN_TO_RUN,6,6,r_y,4800,48
SAME_CONTROLLER_CROSS_RUN,C04,C04,18,13,RUN_TO_RUN,6,6,r_u,4800,35
SAME_CONTROLLER_CROSS_RUN,C04,C04,18,13,RUN_TO_RUN,6,6,joint,4800,46
CROSS_CONTROLLER,C04,C05,18,14,RUN_TO_RUN,6,5,r_y,4000,40
CROSS_CONTROLLER,C04,C05,18,14,RUN_TO_RUN,6,5,r_u,4000,16
CROSS_CONTROLLER,C04,C05,18,14,RUN_TO_RUN,6,5,joint,4000,40
CROSS_CONTROLLER,C04,C06,18,15,RUN_TO_RUN,6,5,r_y,4000,34
CROSS_CONTROLLER,C04,C06,18,15,RUN_TO_RUN,6,5,r_u,4000,69
CROSS_CONTROLLER,C04,C06,18,15,RUN_TO_RUN,6,5,joint,4000,34
CROSS_CONTROLLER,C04,C07,18,16,RUN_TO_RUN,6,6,r_y,4800,45
CROSS_CONTROLLER,C04,C07,18,16,RUN_TO_RUN,6,6,r_u,4800,0
CROSS_CONTROLLER,C04,C07,18,16,RUN_TO_RUN,6,6,joint,4800,52
CROSS_CONTROLLER,C04,C08,18,17,RUN_TO_RUN,6,4,r_y,3200,73
CROSS_CONTROLLER,C04,C08,18,17,RUN_TO_RUN,6,4,r_u,3200,99
CROSS_CONTROLLER,C04,C08,18,17,RUN_TO_RUN,6,4,joint,3200,87
CROSS_CONTROLLER,C04,C09,18,19,RUN_TO_RUN,6,5,r_y,4000,36
CROSS_CONTROLLER,C04,C09,18,19,RUN_TO_RUN,6,5,r_u,4000,1
CROSS_CONTROLLER,C04,C09,18,19,RUN_TO_RUN,6,5,joint,4000,43
CROSS_CONTROLLER,C05,C01,14,9,RUN_TO_RUN,5,2,r_y,1600,33
CROSS_CONTROLLER,C05,C01,14,9,RUN_TO_RUN,5,2,r_u,1600,213
CROSS_CONTROLLER,C05,C01,14,9,RUN_TO_RUN,5,2,joint,1600,41
CROSS_CONTROLLER,C05,C01,14,10,RUN_TO_RUN,5,10,r_y,8000,212
CROSS_CONTROLLER,C05,C01,14,10,RUN_TO_RUN,5,10,r_u,8000,1182
CROSS_CONTROLLER,C05,C01,14,10,RUN_TO_RUN,5,10,joint,8000,268
CROSS_CONTROLLER,C05,C02,14,11,RUN_TO_RUN,5,22,r_y,17600,358
CROSS_CONTROLLER,C05,C02,14,11,RUN_TO_RUN,5,22,r_u,17600,3085
CROSS_CONTROLLER,C05,C02,14,11,RUN_TO_RUN,5,22,joint,17600,450
CROSS_CONTROLLER,C05,C03,14,12,RUN_TO_RUN,5,14,r_y,11200,267
CROSS_CONTROLLER,C05,C03,14,12,RUN_TO_RUN,5,14,r_u,11200,1602
CROSS_CONTROLLER,C05,C03,14,12,RUN_TO_RUN,5,14,joint,11200,286
CROSS_CONTROLLER,C05,C04,14,13,RUN_TO_RUN,5,6,r_y,4800,47
CROSS_CONTROLLER,C05,C04,14,13,RUN_TO_RUN,5,6,r_u,4800,67
CROSS_CONTROLLER,C05,C04,14,13,RUN_TO_RUN,5,6,joint,4800,44
CROSS_CONTROLLER,C05,C04,14,18,RUN_TO_RUN,5,6,r_y,4800,45
CROSS_CONTROLLER,C05,C04,14,18,RUN_TO_RUN,5,6,r_u,4800,86
CROSS_CONTROLLER,C05,C04,14,18,RUN_TO_RUN,5,6,joint,4800,44
CROSS_CONTROLLER,C05,C06,14,15,RUN_TO_RUN,5,5,r_y,4000,33
CROSS_CONTROLLER,C05,C06,14,15,RUN_TO_RUN,5,5,r_u,4000,453
CROSS_CONTROLLER,C05,C06,14,15,RUN_TO_RUN,5,5,joint,4000,32
CROSS_CONTROLLER,C05,C07,14,16,RUN_TO_RUN,5,6,r_y,4800,43
CROSS_CONTROLLER,C05,C07,14,16,RUN_TO_RUN,5,6,r_u,4800,5
CROSS_CONTROLLER,C05,C07,14,16,RUN_TO_RUN,5,6,joint,4800,43
CROSS_CONTROLLER,C05,C08,14,17,RUN_TO_RUN,5,4,r_y,3200,67
CROSS_CONTROLLER,C05,C08,14,17,RUN_TO_RUN,5,4,r_u,3200,385
CROSS_CONTROLLER,C05,C08,14,17,RUN_TO_RUN,5,4,joint,3200,71
CROSS_CONTROLLER,C05,C09,14,19,RUN_TO_RUN,5,5,r_y,4000,29
CROSS_CONTROLLER,C05,C09,14,19,RUN_TO_RUN,5,5,r_u,4000,8
CROSS_CONTROLLER,C05,C09,14,19,RUN_TO_RUN,5,5,joint,4000,26
CROSS_CONTROLLER,C06,C01,15,9,RUN_TO_RUN,5,2,r_y,1600,48
CROSS_CONTROLLER,C06,C01,15,9,RUN_TO_RUN,5,2,r_u,1600,45
CROSS_CONTROLLER,C06,C01,15,9,RUN_TO_RUN,5,2,joint,1600,40
CROSS_CONTROLLER,C06,C01,15,10,RUN_TO_RUN,5,10,r_y,8000,272
CROSS_CONTROLLER,C06,C01,15,10,RUN_TO_RUN,5,10,r_u,8000,420
CROSS_CONTROLLER,C06,C01,15,10,RUN_TO_RUN,5,10,joint,8000,315
CROSS_CONTROLLER,C06,C02,15,11,RUN_TO_RUN,5,22,r_y,17600,502
CROSS_CONTROLLER,C06,C02,15,11,RUN_TO_RUN,5,22,r_u,17600,1416
CROSS_CONTROLLER,C06,C02,15,11,RUN_TO_RUN,5,22,joint,17600,484
CROSS_CONTROLLER,C06,C03,15,12,RUN_TO_RUN,5,14,r_y,11200,440
CROSS_CONTROLLER,C06,C03,15,12,RUN_TO_RUN,5,14,r_u,11200,234
CROSS_CONTROLLER,C06,C03,15,12,RUN_TO_RUN,5,14,joint,11200,440
CROSS_CONTROLLER,C06,C04,15,13,RUN_TO_RUN,5,6,r_y,4800,93
CROSS_CONTROLLER,C06,C04,15,13,RUN_TO_RUN,5,6,r_u,4800,10
CROSS_CONTROLLER,C06,C04,15,13,RUN_TO_RUN,5,6,joint,4800,495
CROSS_CONTROLLER,C06,C04,15,18,RUN_TO_RUN,5,6,r_y,4800,85
CROSS_CONTROLLER,C06,C04,15,18,RUN_TO_RUN,5,6,r_u,4800,14
CROSS_CONTROLLER,C06,C04,15,18,RUN_TO_RUN,5,6,joint,4800,517
CROSS_CONTROLLER,C06,C05,15,14,RUN_TO_RUN,5,5,r_y,4000,43
CROSS_CONTROLLER,C06,C05,15,14,RUN_TO_RUN,5,5,r_u,4000,3
CROSS_CONTROLLER,C06,C05,15,14,RUN_TO_RUN,5,5,joint,4000,390
CROSS_CONTROLLER,C06,C07,15,16,RUN_TO_RUN,5,6,r_y,4800,61
CROSS_CONTROLLER,C06,C07,15,16,RUN_TO_RUN,5,6,r_u,4800,0
CROSS_CONTROLLER,C06,C07,15,16,RUN_TO_RUN,5,6,joint,4800,506
CROSS_CONTROLLER,C06,C08,15,17,RUN_TO_RUN,5,4,r_y,3200,105
CROSS_CONTROLLER,C06,C08,15,17,RUN_TO_RUN,5,4,r_u,3200,75
CROSS_CONTROLLER,C06,C08,15,17,RUN_TO_RUN,5,4,joint,3200,98
CROSS_CONTROLLER,C06,C09,15,19,RUN_TO_RUN,5,5,r_y,4000,64
CROSS_CONTROLLER,C06,C09,15,19,RUN_TO_RUN,5,5,r_u,4000,0
CROSS_CONTROLLER,C06,C09,15,19,RUN_TO_RUN,5,5,joint,4000,397
CROSS_CONTROLLER,C07,C01,16,9,RUN_TO_RUN,6,2,r_y,1600,34
CROSS_CONTROLLER,C07,C01,16,9,RUN_TO_RUN,6,2,r_u,1600,238
CROSS_CONTROLLER,C07,C01,16,9,RUN_TO_RUN,6,2,joint,1600,106
CROSS_CONTROLLER,C07,C01,16,10,RUN_TO_RUN,6,10,r_y,8000,222
CROSS_CONTROLLER,C07,C01,16,10,RUN_TO_RUN,6,10,r_u,8000,1273
CROSS_CONTROLLER,C07,C01,16,10,RUN_TO_RUN,6,10,joint,8000,958
CROSS_CONTROLLER,C07,C02,16,11,RUN_TO_RUN,6,22,r_y,17600,423
CROSS_CONTROLLER,C07,C02,16,11,RUN_TO_RUN,6,22,r_u,17600,5433
CROSS_CONTROLLER,C07,C02,16,11,RUN_TO_RUN,6,22,joint,17600,2204
CROSS_CONTROLLER,C07,C03,16,12,RUN_TO_RUN,6,14,r_y,11200,316
CROSS_CONTROLLER,C07,C03,16,12,RUN_TO_RUN,6,14,r_u,11200,5114
CROSS_CONTROLLER,C07,C03,16,12,RUN_TO_RUN,6,14,joint,11200,344
CROSS_CONTROLLER,C07,C04,16,13,RUN_TO_RUN,6,6,r_y,4800,50
CROSS_CONTROLLER,C07,C04,16,13,RUN_TO_RUN,6,6,r_u,4800,578
CROSS_CONTROLLER,C07,C04,16,13,RUN_TO_RUN,6,6,joint,4800,53
CROSS_CONTROLLER,C07,C04,16,18,RUN_TO_RUN,6,6,r_y,4800,48
CROSS_CONTROLLER,C07,C04,16,18,RUN_TO_RUN,6,6,r_u,4800,595
CROSS_CONTROLLER,C07,C04,16,18,RUN_TO_RUN,6,6,joint,4800,55
CROSS_CONTROLLER,C07,C05,16,14,RUN_TO_RUN,6,5,r_y,4000,42
CROSS_CONTROLLER,C07,C05,16,14,RUN_TO_RUN,6,5,r_u,4000,485
CROSS_CONTROLLER,C07,C05,16,14,RUN_TO_RUN,6,5,joint,4000,41
CROSS_CONTROLLER,C07,C06,16,15,RUN_TO_RUN,6,5,r_y,4000,37
CROSS_CONTROLLER,C07,C06,16,15,RUN_TO_RUN,6,5,r_u,4000,509
CROSS_CONTROLLER,C07,C06,16,15,RUN_TO_RUN,6,5,joint,4000,38
CROSS_CONTROLLER,C07,C08,16,17,RUN_TO_RUN,6,4,r_y,3200,83
CROSS_CONTROLLER,C07,C08,16,17,RUN_TO_RUN,6,4,r_u,3200,427
CROSS_CONTROLLER,C07,C08,16,17,RUN_TO_RUN,6,4,joint,3200,109
CROSS_CONTROLLER,C07,C09,16,19,RUN_TO_RUN,6,5,r_y,4000,40
CROSS_CONTROLLER,C07,C09,16,19,RUN_TO_RUN,6,5,r_u,4000,52
CROSS_CONTROLLER,C07,C09,16,19,RUN_TO_RUN,6,5,joint,4000,37
CROSS_CONTROLLER,C08,C01,17,9,RUN_TO_RUN,4,2,r_y,1600,23
CROSS_CONTROLLER,C08,C01,17,9,RUN_TO_RUN,4,2,r_u,1600,31
CROSS_CONTROLLER,C08,C01,17,9,RUN_TO_RUN,4,2,joint,1600,17
CROSS_CONTROLLER,C08,C01,17,10,RUN_TO_RUN,4,10,r_y,8000,146
CROSS_CONTROLLER,C08,C01,17,10,RUN_TO_RUN,4,10,r_u,8000,206
CROSS_CONTROLLER,C08,C01,17,10,RUN_TO_RUN,4,10,joint,8000,120
CROSS_CONTROLLER,C08,C02,17,11,RUN_TO_RUN,4,22,r_y,17600,207
CROSS_CONTROLLER,C08,C02,17,11,RUN_TO_RUN,4,22,r_u,17600,332
CROSS_CONTROLLER,C08,C02,17,11,RUN_TO_RUN,4,22,joint,17600,117
CROSS_CONTROLLER,C08,C03,17,12,RUN_TO_RUN,4,14,r_y,11200,131
CROSS_CONTROLLER,C08,C03,17,12,RUN_TO_RUN,4,14,r_u,11200,135
CROSS_CONTROLLER,C08,C03,17,12,RUN_TO_RUN,4,14,joint,11200,103
CROSS_CONTROLLER,C08,C04,17,13,RUN_TO_RUN,4,6,r_y,4800,27
CROSS_CONTROLLER,C08,C04,17,13,RUN_TO_RUN,4,6,r_u,4800,0
CROSS_CONTROLLER,C08,C04,17,13,RUN_TO_RUN,4,6,joint,4800,11
CROSS_CONTROLLER,C08,C04,17,18,RUN_TO_RUN,4,6,r_y,4800,23
CROSS_CONTROLLER,C08,C04,17,18,RUN_TO_RUN,4,6,r_u,4800,0
CROSS_CONTROLLER,C08,C04,17,18,RUN_TO_RUN,4,6,joint,4800,19
CROSS_CONTROLLER,C08,C05,17,14,RUN_TO_RUN,4,5,r_y,4000,14
CROSS_CONTROLLER,C08,C05,17,14,RUN_TO_RUN,4,5,r_u,4000,0
CROSS_CONTROLLER,C08,C05,17,14,RUN_TO_RUN,4,5,joint,4000,11
CROSS_CONTROLLER,C08,C06,17,15,RUN_TO_RUN,4,5,r_y,4000,20
CROSS_CONTROLLER,C08,C06,17,15,RUN_TO_RUN,4,5,r_u,4000,9
CROSS_CONTROLLER,C08,C06,17,15,RUN_TO_RUN,4,5,joint,4000,3
CROSS_CONTROLLER,C08,C07,17,16,RUN_TO_RUN,4,6,r_y,4800,11
CROSS_CONTROLLER,C08,C07,17,16,RUN_TO_RUN,4,6,r_u,4800,0
CROSS_CONTROLLER,C08,C07,17,16,RUN_TO_RUN,4,6,joint,4800,15
CROSS_CONTROLLER,C08,C09,17,19,RUN_TO_RUN,4,5,r_y,4000,9
CROSS_CONTROLLER,C08,C09,17,19,RUN_TO_RUN,4,5,r_u,4000,0
CROSS_CONTROLLER,C08,C09,17,19,RUN_TO_RUN,4,5,joint,4000,11
CROSS_CONTROLLER,C09,C01,19,9,RUN_TO_RUN,5,2,r_y,1600,33
CROSS_CONTROLLER,C09,C01,19,9,RUN_TO_RUN,5,2,r_u,1600,231
CROSS_CONTROLLER,C09,C01,19,9,RUN_TO_RUN,5,2,joint,1600,229
CROSS_CONTROLLER,C09,C01,19,10,RUN_TO_RUN,5,10,r_y,8000,218
CROSS_CONTROLLER,C09,C01,19,10,RUN_TO_RUN,5,10,r_u,8000,1238
CROSS_CONTROLLER,C09,C01,19,10,RUN_TO_RUN,5,10,joint,8000,1269
CROSS_CONTROLLER,C09,C02,19,11,RUN_TO_RUN,5,22,r_y,17600,423
CROSS_CONTROLLER,C09,C02,19,11,RUN_TO_RUN,5,22,r_u,17600,5018
CROSS_CONTROLLER,C09,C02,19,11,RUN_TO_RUN,5,22,joint,17600,4694
CROSS_CONTROLLER,C09,C03,19,12,RUN_TO_RUN,5,14,r_y,11200,306
CROSS_CONTROLLER,C09,C03,19,12,RUN_TO_RUN,5,14,r_u,11200,4718
CROSS_CONTROLLER,C09,C03,19,12,RUN_TO_RUN,5,14,joint,11200,3740
CROSS_CONTROLLER,C09,C04,19,13,RUN_TO_RUN,5,6,r_y,4800,50
CROSS_CONTROLLER,C09,C04,19,13,RUN_TO_RUN,5,6,r_u,4800,474
CROSS_CONTROLLER,C09,C04,19,13,RUN_TO_RUN,5,6,joint,4800,119
CROSS_CONTROLLER,C09,C04,19,18,RUN_TO_RUN,5,6,r_y,4800,48
CROSS_CONTROLLER,C09,C04,19,18,RUN_TO_RUN,5,6,r_u,4800,546
CROSS_CONTROLLER,C09,C04,19,18,RUN_TO_RUN,5,6,joint,4800,136
CROSS_CONTROLLER,C09,C05,19,14,RUN_TO_RUN,5,5,r_y,4000,41
CROSS_CONTROLLER,C09,C05,19,14,RUN_TO_RUN,5,5,r_u,4000,393
CROSS_CONTROLLER,C09,C05,19,14,RUN_TO_RUN,5,5,joint,4000,100
CROSS_CONTROLLER,C09,C06,19,15,RUN_TO_RUN,5,5,r_y,4000,37
CROSS_CONTROLLER,C09,C06,19,15,RUN_TO_RUN,5,5,r_u,4000,495
CROSS_CONTROLLER,C09,C06,19,15,RUN_TO_RUN,5,5,joint,4000,465
CROSS_CONTROLLER,C09,C07,19,16,RUN_TO_RUN,5,6,r_y,4800,46
CROSS_CONTROLLER,C09,C07,19,16,RUN_TO_RUN,5,6,r_u,4800,28
CROSS_CONTROLLER,C09,C07,19,16,RUN_TO_RUN,5,6,joint,4800,30
CROSS_CONTROLLER,C09,C08,19,17,RUN_TO_RUN,5,4,r_y,3200,80
CROSS_CONTROLLER,C09,C08,19,17,RUN_TO_RUN,5,4,r_u,3200,421
CROSS_CONTROLLER,C09,C08,19,17,RUN_TO_RUN,5,4,joint,3200,432
